id,gender,education,age,vote
0abbca2eb5b8529c30ced0ecd42474f7,male,0,51,Conservative
e0768cf24cc95016227593da14955294,male,3,51,Conservative
a3d4af017470663d3456f3620ccb39cc,male,2,30,Labour
c63b873b30320a9236309dc36f1d50f7,female,1,24,Labour
c3ac93624fa74f2c80f5ddb875275849,female,0,73,Conservative
9e50addb3ea861d8fe5e5ac2c77b1dfe,female,1,42,Labour
06a53712158235953278b78426bf2e0b,male,1,45,Conservative
b1c9029a36415b2a94dc2d1dd8853745,female,0,91,Labour
829251b9d9e1e09105542865628874d6,male,1,27,Labour
e258a9810270786c5a41d12450235b82,female,1,21,Labour
c0e65908895aa6fd9a79a06b71b59812,female,0,42,Labour
cf5d925254b31560a97082b504c9d2a3,female,3,61,Labour
71aeba62ceec6d2ec08c67e1cf4a57dd,male,1,58,Other
3768f2d051b6de18a79fc304d66a5304,male,2,39,Conservative
49d5ac74c2c4018f7ffeb48d9525f2b8,male,1,48,Conservative
7d94d7ed4b6aa998d657e3752f6672b5,male,1,51,Other
5a2d8929574a41d4180604eb1773240a,female,2,45,Conservative
09b370311c973e0c50abd2d104ca4b29,male,1,58,Conservative
c796edb8739cd9c86ce93a577d97962b,male,1,45,Conservative
a35897700530b481409fd63626254554,female,0,21,Labour
7dca4a9ee3979083b7bb520f61e4f4c2,female,0,45,Conservative
fd62943516a0f1b0876e6f208053a259,male,3,79,Other
52a7d08c517fa3f6c3c1d92ae17b2c35,male,0,24,Conservative
e03f80b65f08de11da86dc620ddd7c26,male,1,58,Labour
96a7d396b299a1a4a52d3c704aab7d41,female,0,21,Labour
622a806f95a90161c3cabd303e66e764,male,0,33,Labour
7bbbc081ac0124690eadd13b9a88b5f8,female,0,21,Labour
cf38f9d927761f786ee2e67fbdad3964,male,0,21,Other
bdc02895bca8933e62759a1889ee9312,female,0,70,Conservative
d18ee5933006a6fa2fccf01907b2159c,male,0,36,Labour
f51acf9d720ac57bc183388c29754ead,male,0,61,Conservative
5d5fda8f7ca082f90765fa5674dcae2b,male,1,70,Labour
490524ff8af37e4f463292e1fcabc90e,female,2,64,Conservative
ac9da0ba66eaa93e402d4ab0a1ceb7ed,female,0,21,Labour
e02aaa31537ab7da12dc398ba5d21f76,male,0,94,Conservative
a06de6c6893864be29178492ae00ea96,male,1,64,Conservative
6bf9c64f7998b7d6866b6fb222162f20,female,0,30,Labour
342e4f2cda14e8c9244d8e59d7117c8f,female,1,45,Conservative
cfe149ea8054187ee0dede3e0dbcf510,female,2,27,Other
c0df32a063b4f42ec8b00d6279ae25d3,male,3,73,Other
8356769fd537f01b4cd62203fac9595d,male,1,18,Conservative
dc215d40a288e218e5f67d258a24665b,male,1,61,Other
27be28874edc41696bf4d87b909a9c29,male,2,36,Conservative
b3bb512ff3a927732c08b42aaa710fbc,female,3,85,Conservative
76fb93f7d2145d290ad8aae671fec985,male,2,24,Labour
c4c5c35b7d46750da24c58a7098f746d,female,3,88,Conservative
4c7655853b083bf7475a51ba748cb291,female,0,70,Conservative
f6f84c159311a9f62ee9d5e4a6bd5147,male,0,82,Conservative
08c7149081ff758933c1d5ce7c6cf4ec,male,1,61,Other
ed2082fd12ae78e06605919af11f31df,male,1,54,Conservative
0459c61eab445d6ad617460dc060e2de,male,1,48,Labour
23f9363085dd680449b67aeaf9b83454,male,1,33,Other
a67e457e9d82735a8cfa4161e60bd211,female,0,39,Conservative
81cfb3f53cc0ab25e9bc9181f58dd101,female,1,24,Labour
cae2b0757895a46af326726f29fc5ed1,male,1,51,Conservative
4fafadc5d3348a9e20aa7841557c6d00,female,3,21,Labour
39ebc9f1b089507e8d506d5858ac4ec9,female,1,61,Conservative
23317165efcb173e6beb01b5329f8951,male,2,67,Other
e8396a3621f0edb5d54b69042b287a43,male,0,51,Conservative
3dbce4391edf975d232fc7d60f8875ce,male,1,58,Conservative
632c7ccf54318ba23f8713bef08b832f,female,1,42,Conservative
d6ac1f441e7491ee316f0872752ce3e0,male,3,33,Labour
4e2e7b43972243b9a1e0444b045622a6,female,1,76,Labour
0b49e1384a4cc75344b01c96640620bc,female,1,39,Labour
646657d87b4d13b847313e9dd39f46ed,male,3,48,Other
1c4f7cdab7b75d25b8f9709e30848e83,female,3,51,Other
121b46a3eae8fcc0ceb7e34622f878aa,female,0,36,Other
190d4ab807948644e13fd370676110aa,male,1,73,Conservative
0ab187bd75f0fb9a1c8b10964c1fee5f,male,1,36,Labour
21e569b464b54bd93253bff958e14872,male,2,33,Labour
68bcf036f790f26c9e3fb80a327a5c0a,female,1,39,Conservative
74ee45f58d2318a35dd98e047e9631a5,female,2,27,Labour
5c2595ca89e03c735754e6602b4b7a8b,female,0,30,Labour
8d7ffed0d32ff6d64a87c15fb5907b45,female,1,45,Labour
249a29bf767259a2343c11a84d4380df,female,1,45,Other
a3e07d00e605e1bf6917e7a2ae797a00,female,0,21,Labour
2357cc8f075c31a4f5b37dc726017fcb,female,2,70,Conservative
6991838c25c23ee6564d7be35bb3996e,female,1,27,Labour
27d56887324d2020aa59e79e2f80d339,female,1,21,Labour
5d359a07e639530ef196b21e5ae80b01,female,2,64,Conservative
bf81f8f9603ea5453315ec41b1975693,female,2,88,Conservative
4fbf69d72d3b8586019b318ecec4d466,female,1,70,Conservative
fd06c93db76cf6bbe0a194ab8ecd6473,male,0,36,Other
8195155b4ff5fd79cf9777952f5c27f4,female,2,54,Conservative
c0defd7a744b655e470498fcd1be1271,female,2,33,Labour
ff37c1e6371129b19e1493619b4a376e,male,2,30,Labour
b61b9622e7a8b68b748362f91ae4c930,female,3,58,Labour
3a58cbbd19c3e8512003ddcb2f879a6f,female,0,42,Labour
56f341f889e256090746e0481fedfb82,female,1,58,Labour
177e66fe8e76ad4d43f2c3e037d36f1f,female,1,39,Labour
566886ab7712ee2f47ad9896b5228667,male,2,45,Labour
cc42dea7eee4da15cfe83c578ecd6ea9,male,0,39,Conservative
43c1d1fe08de0158b0f32bb547384574,male,3,58,Other
b7f00b1975c183a33aaa80ca7c3820a7,male,1,82,Labour
911d652e29473d9556afc3de406d94dc,female,1,51,Conservative
125baab825213ac2e97826ccc8abfbaf,male,1,27,Labour
cb3fc2daf31dbe08723e8c405a53d2a6,male,1,24,Other
c21205a3dbf8acf6da66bf27189eeac8,male,1,67,Conservative
0768c1e508c02eeed0515fcb72c4ebf4,female,1,48,Labour
b8cd4acd0802028bc5ecc9104b501b57,female,1,39,Labour
50fde3831cc616a3f4d25ae3179ed6cd,male,0,67,Other
a5ba4a788e8752b6be2dcf5d6a53ec38,male,1,82,Conservative
4dfcea7cf5b6e97c4bdf5fff3530e850,female,2,39,Conservative
ed26e349ef772a3af207cfb80f21f5ba,female,1,51,Conservative
acec8986483b879f857515da67741d8d,female,1,36,Labour
a093a8cadb50696281243217399f1744,female,1,88,Conservative
57eb368e93f46e8ccb8f66462d330146,male,0,58,Conservative
4e552801d7828235194d6f4a46931be6,female,3,51,Conservative
313234bbe80b9c9da003cf12516615de,female,2,48,Conservative
fde9282349e216fe9405361bea001aad,female,1,54,Conservative
98d0463b327fb9cd625c583bc2725872,female,2,39,Labour
b83f3c4b2d142d1bdd32bbe8429a1fc2,female,1,33,Labour
677db3e9c24a9f36ef2c842f066f0974,female,2,51,Labour
0a7aeb97bb8c116a34c8ec0853eeadac,female,2,39,Labour
119b02b2d4a892a40706271bc790367e,male,1,33,Labour
ce4455b0bd2dda73c5065b6924c63fce,male,0,51,Conservative
751b393cf2de93df6c45a412c74628e2,male,2,54,Conservative
7beca3149b6f3365c1ba29fc495ebd07,female,1,42,Conservative
175982d6a15f25e9cd5683f01f167d94,female,0,48,Labour
fdc524f7e546f0c61b8201e83b347241,male,0,51,Conservative
4ee5745de655340837d895b68bdccbc7,female,1,58,Conservative
3e8c00e27ebb01681db64f13ae4fe5a7,female,1,58,Conservative
136194e2872d547d938af6d568b2fd2f,female,3,51,Conservative
66d4faa4686036311f9455e93bbf6f26,female,2,51,Conservative
1201125b2db2512411c734610e5dce0a,male,2,27,Other
ed7410bb48df704246c868f14b567a1a,female,0,36,Labour
f84cb5b6097790e204eff43142ee8b54,female,1,58,Conservative
b42dfd7fa2e0af8d01c7799ec3f3df4d,male,3,21,Labour
623bc8632f45a69ce150b03cc828aa5a,female,1,27,Labour
d5e8028e7d5e8583055a9f93544479f9,male,1,61,Conservative
367807b95aee5e3192e70ded493a02e4,male,2,82,Other
24c9e05c815c6e97d0b00d959a617fc5,female,1,21,Labour
89803b218ce1a40b0c1f74dcc25490d8,male,1,54,Conservative
404e9b9720671769faa4b6ba7adfea59,male,1,82,Other
dadf4c6d2b4444c4653f20808e2cf5bd,male,0,51,Conservative
d901dd577de1cd6b108423044a9ef93d,female,0,27,Conservative
4906b32dafa72ee756b9935014de899f,female,2,70,Conservative
fdae12c9a51d481bc8fc04954392fa7b,female,0,24,Conservative
1ded646c634bfc06952ec2801efa34cf,female,0,54,Labour
43664969f4fa454f66b93e3982e8cf8c,female,1,61,Conservative
52ad03487650b051f337f253f7b6d67f,female,3,36,Labour
0bb2a57fbbbe4e640433e37cd13c50c0,male,0,39,Labour
fd9c95a9efdec30313b3850c29e02379,male,2,54,Conservative
c7216682ce71538703b3afe28a846f58,female,2,79,Conservative
47b8e61909f264fcb47bd9182635bef3,female,1,73,Conservative
c8a9ecacbb9ca0de1dc6fafff0b38674,female,2,45,Conservative
5b5a57f6cc6445fd6357d578fc9a228e,female,3,18,Labour
568debfac7718e4d90334105ec857b1f,female,1,54,Conservative
d199d7717c3a06fde068b6c136a6e6e7,female,1,54,Conservative
d0bf09e7105e180cabc35bd726996ee6,male,1,18,Conservative
9afb8922921cc588924766868e4e235a,female,0,42,Conservative
087b1bb127a2937eab369c4b25b551ec,female,0,54,Conservative
ee43074f3da31cf3c2b6f936446694a0,male,1,21,Conservative
8b7bef593d6f4a0a1477f7325fd576dd,male,1,36,Labour
c58591adde845854ce94ef3e140dd808,female,1,61,Conservative
7013e0d7ee469aa5ce9c4a32f5562dd9,female,0,27,Other
89a2cf79a5c15a4c73c2eb52192f1395,male,3,24,Labour
11ab1b90d9195080e7a9f853c4fe5ba3,male,1,33,Other
508781456763475717d811e5b8d821d0,male,2,45,Conservative
ceb490fb94bf81fcb4558b21231cef01,male,1,30,Labour
a53304f4eccc702b2832a74bb2345eda,female,1,42,Labour
9f441d762cd8675526d8a84cbdc9007a,male,0,39,Other
5971cc0ed08aac5159c0e422999188c7,female,1,21,Other
5e4b03e4fb9ebc44bd110d50bb2101da,male,1,21,Labour
d59f707f01c0c4546798365b5b999bbe,female,1,36,Conservative
7a395a55c9a0aae51086cb0462f46251,male,0,39,Labour
afad58bab4500c9e97be315f5bf933c1,female,1,42,Labour
66f08580e8ca2d8a5b2d381fc8c53bb3,male,1,30,Other
ce26b718ece82301be542c3f4b39e25f,female,0,36,Conservative
39f299aae50a84ec2dddcc1ac43fbf09,male,3,85,Conservative
71dd92757f80be835d93e71aad10572e,male,2,33,Other
bbf54d013a518deeda0561cfca6a63cc,female,1,70,Other
562ff8af90eb673006babe96817235a2,female,1,67,Conservative
26da84e43dec44ede3f190a957c645e3,male,1,30,Labour
65d9a559373211d17f2bfcad89e422c4,male,0,21,Labour
497b33426bd26f8deb38ad8dfbd70bd7,male,2,48,Conservative
418e3f55de6859a3484435316cd496e0,female,1,30,Conservative
39930a34f53492c7cce135d3d5332e10,female,0,33,Labour
5da55bc0bc91e4794f806cb090c9d2bc,male,3,30,Labour
6507120ce4c1d7f73a7aedd2b318315f,female,1,30,Labour
22a96177ece52fb5abfc44181a90a589,male,0,33,Labour
ff5a078bf07a9e7c414dc44322d7631a,male,3,24,Labour
bb914d49f69e334122909e45fd372286,male,1,67,Labour
c7bf68201d81930e8a9770407b71b8f5,male,1,42,Labour
5bd6307dc41b7c9cebd7cb48c4c4a220,male,1,21,Labour
5df19f6158917c0f1539977c9736b005,female,2,61,Conservative
313ab5921c152112791bbcad197a7519,female,1,76,Conservative
668ef9a8c732c8d3ac6684a1a2ffa86c,male,1,64,Labour
01be71b2940126c450bdc9a8dbfaf31d,female,2,48,Conservative
355c2456d9a2281801dc38acf8de8ee7,male,2,27,Conservative
7f3a59d6bad19097ae66775e410428a4,female,0,45,Conservative
38c637478b72601ff885f46bb5ad5b46,male,1,33,Labour
78ece4575d1c5069c585ca0f41919b3f,male,2,61,Conservative
a9242af0006e9284d59f25220e6a8f46,male,1,21,Labour
4392356b8a0c5e294e6fc1a51a3d6d10,female,0,30,Conservative
3a1dc97aa4fdb7a0766de81e30049826,female,0,33,Other
2142a7603c6ecbb7e22b5eb80fe09316,female,0,24,Labour
9835e463886926d814f52886bde715f5,male,2,79,Other
690f83a3d6760fe470bf2fd620e21f70,male,0,30,Other
ca08a84c5fc74950f42394c02183c498,male,1,73,Conservative
0f84764e3446c86f674a0f06d8b9ff41,male,2,73,Other
afef59dbf450b889a9e74e68c9a38aa1,male,2,94,Other
dc538aa75872c9381a5acd41e11fb41e,male,1,36,Other
cfca105da722a5fcb012bdcfc0f26be6,male,2,45,Other
a75315c42882622550a7b3bc51e2c438,male,0,45,Conservative
675088c2572ae2354f9f05856267d416,male,1,24,Labour
d656f3e34492942ec03f882e5d2aeee6,male,1,42,Conservative
e3ac35d647018e7fe879f7540005fe60,female,3,85,Labour
ab04c58089105c690467b7366ca3dcf4,female,2,64,Conservative
fac50df98b499860c0b84a34c7785ed8,male,1,97,Conservative
654eea4ddee202a6529605005f0c2366,male,1,58,Conservative
de00375fe861ea2e30a22be7e5981244,male,0,82,Labour
056c106ae39f6e255f800d59cfbd88c5,female,1,27,Other
363ec7c4472f4dc7bb5a6eb566083ca9,female,1,36,Conservative
a0ecf597dc9a4c0c5f6a4d338494ed5b,male,1,70,Conservative
347d5d3a909e08267de2bde1b9275ff0,male,1,36,Conservative
c371f2cedefdf42cf0a11c49f7398eab,female,0,67,Labour
90d2aaad7250661d99c506949e6c84f1,female,0,21,Labour
f65a264f209cf0ffff6b552e8e25588b,male,0,70,Conservative
fdc8b55b38779b051c34916e9418c459,female,1,33,Labour
1dec621c69503b469c0f201271e22849,female,0,51,Other
e10a4b52b863a6b8efc29350e3d0171e,female,3,30,Labour
6d35215693f8e4022e6eb56960383693,male,2,54,Labour
80a2abd6030be610c91ef31cf51a0b33,female,1,27,Conservative
a9f72e81742dfe0e9e2933da9475d5c8,female,1,39,Conservative
316daa2ef8e5779cd95c9f28028b11c8,female,0,67,Labour
417df41282a48d4529bd55a6959b7cf2,male,1,36,Labour
be95f2511cb41de481d12a1167e1bf1c,male,3,88,Conservative
9f3b94bdb4c3e3c46daeefc728647c56,male,0,18,Conservative
14e575c796c7048cf224ad38516a9c3c,male,3,54,Conservative
3371952145e9fcea8ee11cc814e1c80b,female,0,33,Labour
1eec28b2817dd0647fe150b8e96567f3,female,0,21,Labour
544fa879cb1d0332ba047b5bc63c38b9,female,2,58,Conservative
248838ea31eb1e6b42a5ca8585ab6cb0,female,1,79,Labour
4f998d4f5c3f392b572bede55eefdd65,female,0,42,Labour
0071f897e4a762e72a4fd0062e510717,male,1,42,Conservative
1cf4a95d355f3ff33c3a4e0dd4672cbf,male,1,36,Labour
755e1f235c7e78aa12174073a0dff1fe,female,2,33,Labour
1c52ebddcffdeb86f2e88b7c734856b0,female,1,70,Labour
bc9cc725b0dbfc275a700f4d3f387390,male,0,54,Conservative
2ab1e1ba674c7395467240df605436e3,male,0,48,Labour
5194b509a5aa77431049bdd24fea4432,female,0,67,Other
3d01c94cd3e04006be8563fde5eb095c,male,0,70,Conservative
1fe84a1313855df6715be5baa30ba1fe,male,0,33,Labour
0597a49a0745528539bc4c9e12d168a0,male,0,48,Conservative
33bb6218a9b7e9d963316f1a54903bb7,female,1,82,Labour
42730f27481b92f889828b02842ab23b,female,2,91,Conservative
6871f41d60acf1977e6344c88795a16e,male,1,27,Labour
d6359e0869e55718e73a7c4abf356468,male,3,36,Conservative
4439495fea9f2d4c6a6f750bc0a2ad4b,male,0,45,Labour
08aef2f0151384c09a64805d5b3f88d8,female,3,42,Labour
f383d5e35b60bf217ea8f8c558ba0195,female,1,51,Conservative
af0dae78443a4a5b2d3403f2746264e9,female,2,36,Other
a5a7d3c3deabf0befd286d85a23247bd,female,0,64,Conservative
2f512566eb142a017dd9bfec2e9b6da2,female,1,45,Conservative
7f8df8e0820342dbeec9165f28a2cc8e,female,2,94,Other
a2a18bbebcd973fc0e17aa67b5d3fd7f,female,0,58,Conservative
c2686e62fa57376734d5bd9cfb651847,male,3,76,Conservative
7d2eef015e6b9e20444968a35cde4347,male,0,91,Other
f41828b5fb5d7440028ba801684c5f28,female,2,61,Conservative
ce453f47fe9b762a97de7b3e6ce96817,female,0,88,Conservative
963837ae7db075c2e261c80bdea7d7ce,male,1,27,Labour
e79ac9392551aca071aeb62fb70a1262,male,1,48,Conservative
4a540e184203ba6bb623f0df013d48de,male,2,88,Labour
4f3285d50394a90c003c1ff47d396dfa,female,2,30,Labour
d341b70ba6b1fbc23a03ee4ab1a854f0,female,1,67,Other
d651c272f230b007863365b9e33bd19e,male,1,39,Labour
997da7ae8f02ef6d7c90c1d8b1dab76d,female,3,36,Labour
ae3e2716b1bff0213610d9ecc42eacb2,female,0,39,Labour
2663182c13cd32d09c876b9e917248c3,female,0,24,Labour
6c649066f878889929415e1498d19858,female,1,39,Conservative
d72b1054760b36713e500030146b3dba,female,1,18,Labour
071347154c5e68eb80720dfca0d777e7,male,1,51,Conservative
11f2983984c17cc7aed0d1902ae3f0a8,male,2,51,Conservative
8968cfe780faefec567000e9fd3d2b2f,female,0,27,Conservative
6a3d06eeafac7c74f577ee3996e6a268,male,3,67,Conservative
3eb83bfe6df69dd0ae3944a0dd930d94,male,1,54,Other
808c69bcbba70b512c6bca6f509373f6,female,0,21,Labour
5a9baf15d5128cb2dd802c5c65aa6741,female,3,30,Labour
3206ce888008a267e03b0b081c95fce4,male,3,51,Other
35c3afaf6bdf7aaf66f3032023255348,male,1,30,Other
921788ae48cb96fe90fa894b3992e871,female,1,33,Conservative
878a23af1cde4df0c9196a018aee5b3b,male,0,24,Labour
13c1da1c11e7aa5fb2d9214489cd2e84,female,1,24,Labour
d003bb78d2c126b1e848566165ff85a0,male,0,36,Conservative
b1eee8f3751faabdb283a14ebdc56482,female,2,51,Conservative
66fb522ac024dcb97cfba0beff4f76d1,female,3,36,Conservative
006c7b0c5760c217b2e79c4fb855d7cd,female,1,51,Conservative
11a9673c02563133b9da5bbbf5554223,female,1,70,Other
c53910835178fc237791cbf0ea5d4e07,female,1,82,Other
634667f99ea3a66e3008e20b425bc894,female,1,24,Labour
5b1d965dcdef8b4b8548080169a89960,male,1,30,Labour
f2ed244be8b315892649818257fc5d4a,male,1,27,Labour
16db144d10a67fec2e1a1ace8cf1fe4a,female,1,42,Conservative
439e94f13e952eb825f013e5377f76b6,female,0,42,Conservative
2b4d6b975a8fc527895e3da6e4bdbbc6,male,2,36,Labour
5729016cc2b14106a2498eaf38bee042,female,1,51,Labour
522ebd6a2e7dd1aa3a9e273c0b8ef1c5,male,1,61,Other
97a8d1a497c0e6d4205bdefcd4572b0e,female,2,45,Conservative
5a48445c973e7e2d1f50ee03412612ef,male,1,54,Conservative
0a9b5edf0647437bf11fcb877189d14a,female,0,30,Labour
619514c4316a6b2114a6df99901cfbe6,female,2,39,Conservative
be1e9437453da9f2603938c8d48ec21c,male,1,48,Conservative
dc0661c295e2863f35791e309cb44c76,male,1,70,Conservative
a4ea35e865be183cdef4649fb98c6497,female,2,54,Conservative
88a1f56854c5fbb587653e4e65a185fd,female,0,39,Labour
2814d1a05a6a495d03c361b03081dd21,male,0,51,Conservative
c82244345cb757b601a92852e6204d87,male,0,39,Conservative
c438b7ce5bd27a455edab178944b7718,male,0,27,Labour
2455c8a1b4d77c72ed6f94009a60594a,male,0,51,Conservative
1808366f91b9e50f7b5ef8ee88753710,female,3,27,Labour
e23022e64fb58c15d4f7204bda243912,male,2,42,Labour
8328266c7420a5cfd300ae25f2fd0bfc,female,1,36,Conservative
b3104d178e6b607f808f76ce959b74d0,male,0,36,Labour
de398d9850ffc6ae7a7a843b8bf8a98d,male,1,30,Conservative
05a5125ab9bbc0f2b9b0f1ed60436c76,female,1,45,Conservative
9683012c92300e5f7897dbbef1ca1662,female,1,51,Conservative
793af777e917066157e9cab7cc951811,male,0,36,Labour
12b4cf6b1c09a37e356305a7ab118acd,female,1,36,Labour
d931025259ef193ac7b1d20b06fc7c6c,male,0,58,Conservative
dc0207a9dda8ab64703e72a9bde70e92,female,2,61,Other
0d4e3a06e76453b08ca4ec883300c736,male,0,45,Labour
31b99efebd2ea6cdbb350c32e1d0b8ad,female,1,79,Labour
08fe8c03fdfe35687d61d543fbce7502,male,3,36,Other
0a82de00250a9fc2a156d6639b92c4a0,female,1,27,Labour
f54f764c28d095d3753af444c778220e,female,2,51,Conservative
c15d282728b3a1871c3b197a4373aef8,female,0,36,Conservative
f86b96546fe5d9e7e6da2679f1e11f95,female,1,21,Labour
b0f6641fbb629941fc8def12efeb0cf5,female,0,54,Conservative
d99f0a1eb84f772bccf577e7f64fa3d0,male,0,33,Labour
44ca35df7b9b943d4e531c38fe8513a3,female,1,18,Conservative
9824807af99d83b9d447cd89ff7dcff1,male,0,36,Conservative
d3cb3bcc4cbe2f9579c06ba30803deba,female,1,70,Conservative
0260ca57e8e5f6f1fe6842e2b5fe3d25,female,0,64,Conservative
7cfb2a939c6242f9bc8a93d4160a0513,female,2,76,Conservative
15be18cb4f695dcc523b823b7d8ad299,female,2,18,Labour
8a9cb6331a6b2208829b3edc9f92d2f4,male,1,70,Conservative
c70bf7f01879caaebda7f246826db713,female,1,54,Conservative
d730e686807066b1f763e1420f829a08,male,0,85,Labour
5f7a5ca48836e7b1cd26b23352cc628b,male,0,42,Conservative
35058b3cca62127d77c0722d644da3a0,male,1,21,Conservative
3069097065fadc49604439ee69f800b9,female,1,79,Conservative
e69a80068de0c9bd8e79343cc57eda7c,female,3,48,Labour
f642cf56401087d7494f0152b7aceb6e,female,0,36,Conservative
fdb68ffa81cbd730fcc7e73d0fb826b5,male,1,54,Conservative
5ebf19f73cb3b2b9f232e9dd26f7d1dc,male,1,64,Labour
f885adcbabf13fec86257da8de7f9e77,female,0,88,Conservative
3911db5d70073fa2d64fb624d9bc0aca,male,0,24,Labour
90821ceb17459aea6d2fbd78c8ccbe8a,male,0,51,Labour
9b67468350df862843c0970fc20e64ff,male,3,36,Labour
bbc5d0801bc96476139975368aadf40b,female,1,79,Other
3f3123cb04773842b02c928f2b43b9b3,male,0,67,Conservative
ac125b461f61cf82bfd962e35b9560ab,female,2,76,Conservative
c599a0c61d659bac5941655a1d146f5d,female,1,24,Labour
e7a0d2254f75361344f0dd5267485b99,female,2,76,Conservative
ff1cd591c1607e6c9799dd29dc3c43d3,male,1,21,Labour
8f4a8bd6f6f6e562e6806fa64b13dcc6,male,1,64,Conservative
2f87650f9cead296bccad227658ba91b,male,1,51,Other
81cb7b2d15c5ec058e4716f003c54ba4,female,1,76,Conservative
4f8a731e52555ef5b8a282bb1904f760,female,1,24,Labour
728d72954e4de35bb56d606ce5d90fe9,male,1,45,Conservative
67dede93711f584123518472155943fa,female,0,33,Labour
71d2d3d90f7cd49baec239ba8c70c908,male,0,51,Conservative
3016b096f308fb00b379aeb89bca8d2b,male,0,51,Conservative
44f138c784c5979a7a59ae1cf00b12e0,female,0,39,Conservative
dc287d8fefcccd37439cbfca4bbcdf3d,female,0,45,Labour
a303a0c345063dfdad6c08b9336668fe,female,3,70,Conservative
f2aeb36248d7757e31df3805815b2a57,female,0,39,Conservative
d6f79d2c46cb55c056d2926a1fa79197,male,1,27,Labour
80b2b1603c4ebdc387a3f65e6544d5ad,male,2,79,Conservative
ede00220a74f9bb4f52dfda65bb092a7,female,1,36,Conservative
6e9d867265532fc6bdb28a85073fcad5,female,0,61,Conservative
2288f6968e36e65d62d66acb2cdcfa0f,female,0,73,Conservative
911c12a0aacfb1be5d3ad8f3a9ef1258,male,3,58,Labour
8cb5370dc0a9d837480a8d30f2efd479,female,3,82,Conservative
f9b7b7190481b9c7070bed80cf1ba55a,male,1,45,Labour
768c554183f9da637b6a7f31ca653f9e,female,1,85,Conservative
ce254f93d278054b8b93abf66636cf64,male,1,48,Conservative
b948c87271cf245a9e35bdcab69beeac,female,1,24,Labour
b5d52bdacf907a07f9240627afbff483,female,1,21,Other
66311f596ac5d6943e5c9c7323d3a60a,female,2,67,Conservative
5870009ac33c27bb08d048a3935d1c4f,female,2,36,Other
5bf3c2215345e43093c4b3e051cd8abf,male,2,70,Conservative
cdff7f910e73297a17b677d0e9a9a413,male,1,42,Conservative
88ee653b18028b51cfeb63d7225075ee,female,1,36,Conservative
cfdece19191cd3fab5d9fae390952bc7,male,1,48,Other
9b45c20b272444756febdfc8b1e9dc08,male,2,73,Conservative
adfa544a1e8de44577256c2028b9847e,male,1,42,Conservative
af6552be67c44ce905a68d309f65d55f,male,0,51,Conservative
4a589df9f37846c28bc9bc1092d895f9,male,2,36,Conservative
c03f05bf347a3f31a6166c6cb584bb71,male,1,30,Labour
ca2eeb00be092ed91f91ddd9be6f97b3,male,1,21,Labour
7ff6d4c4f0e5c435606786f83e7bc511,female,3,39,Conservative
fac82c4469c0148d0992a0482ec6f989,male,1,73,Other
6dfa434f592b2ad2ec95e83323ee6523,female,2,67,Conservative
6f69cecfbbf18e583fdb138f82fd9c53,male,3,33,Labour
e155436e6eca1fc53d7ae7f715912964,male,1,73,Conservative
9c63617bb0d28dab902299168d91690c,female,0,33,Labour
68d8f6db6018cbc6322d65e5a603e177,male,1,76,Conservative
f0a4609ab2bf251611231c38411f4354,female,1,39,Other
4c9249cd645e3ccc1d1c26cd2a5a01f6,female,1,51,Conservative
862c917d7cdae587ebe669d04706c7ab,female,1,51,Conservative
4787623b7921af0d82a22f97ad0797a7,female,2,73,Conservative
1fb2096baf629aa4d62f61c4b49a11d1,female,0,27,Labour
b860678ba5b1e80a65c5a6ed909e1b6c,male,2,94,Conservative
f3010d79d865d74fbb781f3481d426e1,male,2,61,Other
8aad6f967b330b15aaefddb38e605a28,female,0,61,Conservative
e7b013ce296b8125652ea5a1f4bd602e,female,1,79,Conservative
fa4727f1603d14fbb8a8ba616f46c262,male,0,27,Labour
6f427e59e9b88e9a80f30835e097fec1,female,1,94,Conservative
2600b09e44d290b4b290834b16dad4bd,male,1,61,Conservative
077bdfa72d511ee84e9083549c41b0b6,female,1,21,Labour
439cbbf22d85764f08efe4170a4de7c9,male,1,61,Conservative
5d1fc094c07b6a503f5a2f7d30d74ff5,female,0,21,Conservative
28270e03dc43a41a09882a3b0bd21938,female,3,33,Other
447f0c9d290ec108433c48e29ce17d47,female,1,54,Conservative
18cb7b2397d1387c4f5849219bcec6c3,female,1,70,Conservative
eb85b1cd71e5a32087a95f5edb096315,male,1,27,Labour
9108e7d1c8433425979d964aa88b6ac0,female,0,91,Conservative
6a348db7b2733f5ba48707c5c4659ad9,male,0,45,Conservative
875acabc07638fe20f8c7431fa6136fd,male,1,36,Conservative
bcb471210a4c21acc0169351ae408cfa,female,1,67,Conservative
0f14d9b63ab40f987d89f827452648af,female,1,42,Conservative
0a4656b8e714291d21b045a81aa3fa95,female,2,48,Conservative
672eea6afd0410face94cac705f42c11,male,1,21,Labour
1098dd80395dbdffff6716518ec1a706,male,1,82,Conservative
dc232a0543b312346a711196a821a58e,female,0,64,Conservative
6208ce276fa0dcaf0ecdf6d988a7fb0f,male,3,64,Conservative
197b3d9650fe6b61d5c5cf74020ade5c,male,1,36,Conservative
6e94689999aaf90aa8fe961b465b7fef,female,2,30,Other
1cfb25ae39a33c6d3b6bb2eaca719960,female,2,79,Conservative
4c5921a44a85422e20490d611c61bb85,female,2,39,Labour
a95c925a058ac944ce313f710b97078d,male,1,21,Labour
fee723a4e8d70ce0d4b50edfb6d378ac,male,1,58,Conservative
98a9212dba1a253d39534d70bb78ccd9,female,0,58,Conservative
83e2defafc4d15f60e870fc80bc921f7,male,2,42,Other
c41a5256569d42b45182fc3bfdf30bae,female,1,30,Labour
33bc6d7eb1d4e96c35eb9fd90a174b1e,male,2,27,Labour
bd23e2fa0976f6ffd94e70509c3a127e,male,1,82,Other
e8111d74e204c2e23f637f6eae57677a,male,2,36,Labour
81fc2dc6d8ee136c5671d39ccf2d0189,female,3,51,Conservative
367f5d8282db123bae8b66c187c3964b,female,0,33,Labour
72c028da5e0956013642370927f54e0c,female,1,58,Conservative
ef26750f816134b5c5cbe552cc9b59a8,male,1,36,Conservative
482c8f8ad7e479ef78e89609d9d4ef12,female,1,33,Labour
a970ff683224b226a8c0a071aeeb9d6a,female,1,45,Conservative
12d3916fe038db896d7da264f56a4bc8,female,2,18,Other
d2550f871227e1bcd17beab2503ae1c2,female,2,51,Conservative
515f47f5907f6288109c94aef0bbc3d7,female,3,42,Conservative
21fdaffcdf0dd7823cb91efd4d1c4be4,female,3,24,Conservative
3daac122fdf3c382032cb382c953632d,female,1,70,Other
70c8a8e8350731950e0bc901f35fd896,female,2,54,Labour
7b528c6233dc077868e2a03418064b34,male,1,21,Labour
3a009856f7887423afba69d4116553eb,male,2,48,Labour
19ae4526751677c21d2659e096539972,male,0,45,Labour
5e1f539bdf5a55d0eb3517fbacddf332,male,0,42,Conservative
94f4de146023838a89a44fe603cee88c,female,0,27,Labour
3c672d11c2182a0386dab8fc25fd7436,female,2,67,Other
ae065ec47da04af21519f1b8627b0ecc,female,0,45,Other
378b8d8fb54cf1a54343df89af437968,male,1,76,Other
1e329dd1f8138d2cf651c8b6a3783d9d,female,1,82,Other
da6a885baeee699b6e32843e0e339729,male,1,58,Conservative
d68cc15c528402b164806c08e724adaa,male,2,51,Conservative
a57adae522e042d4a9ce0dd25b893646,male,1,45,Conservative
64374d52f0aba8db6f819032d563893d,male,1,76,Conservative
0b1ee366b04fd8fd3c954002e68e1eb1,male,0,21,Labour
e79d82a46cd6e705665d7de04df7c3d7,male,0,21,Conservative
9dabc648cd4aca8634eb6dd7bdd13200,male,2,51,Conservative
bae29c0f5549ae04862ba0a81e6dee32,male,1,51,Conservative
0d2de5966b1f5d6ca2a15f762b60897e,female,0,48,Conservative
f1bd37021a3854c45e3aac3a2c19be60,male,1,58,Conservative
5aa3ec69f4a1cf0e2f7f5522a2e63df1,female,3,45,Labour
bdb47e184b1eb9bc360e27ddb8733c15,female,1,42,Labour
9e098fcb2a0c727da1dcdc41c2d43022,male,1,21,Labour
b4c29146501f31fd994a34fc18f33e58,male,1,39,Conservative
9562718bd06b579c50254d8a2ee396ba,female,0,51,Conservative
3be22a20b828a4b26907566ea64603c2,male,2,42,Labour
c889106ff2d64b5aaad9cef0382194a0,male,0,27,Other
d81edb8e0435641464d0bcdbfd6e8116,female,1,64,Conservative
dec37702da2faf799987e4f8a4533a53,male,0,45,Other
6052da8c3efa30d975faec4f58ca0d31,male,1,27,Labour
5c9038f3e25bba370a5c3085bbf5983e,female,3,42,Conservative
86b5b04d2f9da032ffab0ecb321c4761,female,1,42,Conservative
a04eec553489289ac4589efcd1884a47,female,0,54,Conservative
b61ab685e1e47cc342101b3dfbf90ca3,male,0,58,Labour
82c714a6ce65a348caf4114b13ef28b0,male,1,48,Labour
5db1b29e4e3bfecb0ed966cd139bdf73,male,2,54,Other
a09967cd2c311f8e71deabb1c1dc5805,female,0,51,Conservative
7df1d5bac1ce280537221bd8be8b8b00,female,1,67,Conservative
2ec92b5eabda91bcced28b97440afca2,male,1,48,Labour
3ac2d01cddcdc1b8054645131880343f,male,2,45,Labour
0b720db89ac7f89017282c1c51238135,male,2,27,Labour
3b675c6231ece23da4bdd80fc8120518,female,1,61,Other
e322b345e51032db67703b6083aff879,male,1,64,Conservative
d3b5b1d92529c15286a89e7cba6be641,female,2,58,Conservative
d3f15baea8e0604516c8d0965fbde678,female,2,79,Conservative
64a7a649da639d2d3ea3edc08e1acfe0,male,2,36,Conservative
019ee9a61fb8ae8318a61125fbf12929,male,1,21,Conservative
c5d63b64fe42b7a688c45f71caf5b4ec,female,3,39,Conservative
6d16e6f6422c2b222cdf9610376c3b4a,male,3,30,Conservative
b5d25593b3a4269cb3ff89bfaf3de061,female,1,39,Labour
4bf90701a8dbf9ab1d1e52308ceede94,male,0,30,Labour
f7151a40172160dfa23d23b258345971,male,3,30,Labour
141af32e2602579a3362e040e21d7581,male,0,61,Conservative
5df08c4dba0e4a038885c099a9b1458e,male,0,42,Labour
5e221fb26bbe24283cd83f486f288739,male,1,67,Conservative
0bc6f7ef734718ac783b594f9d220102,female,1,48,Conservative
0e96408d9073b0b994620cfcba8d3a26,female,0,36,Labour
5690012a37f17265b35cc04e2b3f6aac,male,2,21,Other
8699a8e15909720fa56c4ee5b9bacae9,female,1,64,Conservative
4a874b94601d2c0e5c297d67d6354026,female,3,30,Other
10690b9ebcc725aab04993ef68420e86,female,1,54,Conservative
ad926088a83dc8a3de0989878d9c2d7d,male,2,73,Conservative
401d9e2404d5c796fa5fdcf4db2d5720,female,1,33,Labour
e3b55a160f2189faee83c78eae666b98,male,0,64,Conservative
18fcb37244e81971ead02666bbf61dfc,male,3,27,Labour
224355367aeba9f469b51590f93d5244,male,2,79,Conservative
d22757d28099a59d00351f7dfbc7e311,female,2,21,Labour
58f005befcc089bb4430372f366d0611,female,1,27,Labour
cd57ca7340ed3e7f6789b161a1d99a48,female,1,39,Other
6d3f877840b76eee9a836650345e95d5,male,2,33,Labour
3e5050712b7cf22e7d0f9dc6d9e5c3ce,female,3,64,Other
fc3bb96593ca75bb3be336d694f47eb0,male,2,21,Labour
496795869b009c34118b7ccb4a8aa0ad,female,1,67,Conservative
7f441a41ec6b6f8059bac4d69e8d80f5,female,3,76,Labour
c9f2ec985f4386a72780f834d1a03738,female,1,76,Labour
9069bf6e00de0a3225a812525e993ff1,female,1,39,Labour
4beb0ebf06d19b14c987b4795241c8f0,female,0,27,Labour
4670e00e6186cff08308db67591a0cc4,female,1,24,Labour
a03d9f1bb25cde1cde3f98c2a70f4bb3,female,0,67,Conservative
ef0718703b0acd94d81967660b8d9020,female,1,48,Other
c7a586b929e9df3894ec9fe640fc591c,female,0,70,Other
a358036b3560225320e85e8163a33d47,female,0,30,Labour
77558151188e1533055d7aa80e63552b,male,1,39,Labour
be43dd14202d64e5ee1b16251727a9fb,male,3,94,Conservative
bd7853030b443e6b8dd2033abf43f945,male,2,24,Labour
bf1e3c6250342c1354e007c211c511a5,female,2,39,Labour
414f688075e24b7da7fb284bf54b380f,female,0,27,Labour
d02f31df209e27c166e8c5f304cbea22,female,0,33,Labour
d2c6fc27a46505ffb645b40db8654780,male,0,39,Conservative
c14aa0d1a831ae4a20b673255fdd89a2,male,0,85,Conservative
994af4f81ed800369806ba41eabee52f,female,0,30,Labour
31ce48b38ea0a6ba18b6bc573800a2d8,male,1,48,Conservative
a72a7c5c6c1d6551e15bafeb6374c801,male,0,48,Conservative
98af3f9d76f608612779031e420e74cd,male,1,33,Labour
3fb25e6e2ce58674e62d25cd6c5c08b1,female,1,58,Conservative
0428547bebc06d2dae64bdb7c1a0f4f4,male,0,36,Labour
ce3962303ab81492e0799577a966b870,male,3,67,Labour
7203bf61f44c325e8aff8197c8f07c87,female,2,39,Labour
a495e85738137279d402a30194868672,male,2,61,Conservative
31dfe35ba2c880a0edcf56410b812155,male,1,51,Conservative
ff08a000582a6766bbef97327a4a333b,male,2,24,Labour
d94ca74bd6c0d1dffd4dfd278b5e36a5,female,2,48,Labour
fcde8df1c77f835959303df4a7d3db4a,female,1,21,Labour
11df61989ce93f59bc504b575643a9c7,female,2,51,Conservative
c16df3dde3be9174b13854e62ab65a33,female,1,27,Labour
0df5a68e783f7f9af734c7bc2c01fa05,male,1,30,Other
edabda485a936d7ee9863aaf36af94e4,male,0,42,Labour
10e27561f2cf963c6cedcec18a059d75,female,0,88,Conservative
fe879e83bd2b829509a20d85284e9f01,male,1,61,Conservative
7b2c44703cb9efeb019e8bbc983fc441,female,1,24,Labour
d1675073d0d696f8b336ef1eae3c4de7,female,1,33,Labour
94680f311b33bef85550d472ff99d6fe,male,0,39,Labour
4994aaee1118d5b35373bf17157b7753,female,1,48,Conservative
c77d2a6004b11564b4f9c72f507c4547,male,1,45,Labour
41a7e5f3db48b71290eeac4a392edc71,male,1,51,Other
e4891d0df7ff9bee48071b4458d0ba38,female,0,42,Conservative
93d8bf268c4dce332b91596bdac11f19,male,3,88,Conservative
9f6829c071e7caf6bc97147f24ccb98f,female,1,33,Labour
9e6aef93aa02018933aaab6d819e76e8,female,2,88,Conservative
c0e65ccd12fe3c4d1abdcf6f1a5669ac,female,1,36,Labour
b6aaf9515104fe43c8cece6392c6cd0d,female,1,58,Conservative
17f9529f498f7ea9f082accc6c605f3b,male,3,85,Other
fd1d35ac8325a7e872c95c31be931f3d,male,0,42,Labour
f33e7365b3c864dcd7eddb1f5a294711,male,1,67,Conservative
e30df2a44104992924e243a075f67f1f,female,3,45,Other
70f7c6eecb259633b88b9816faf84207,female,2,30,Labour
58f127c045100416e47e38ef234f9596,male,1,21,Labour
81a4598d321dee064a66465a154e7495,male,0,24,Labour
3e372b2dce7a49e231dc8b7d6a84fed3,female,1,33,Other
5b61e7edd02a59ef5019128ad8692496,male,0,64,Other
0b1217a5e53aac82fe2ab04481c2fae7,female,2,64,Other
f614f73025516acc9f81b1a261cc2451,female,1,61,Conservative
120b25669415f06b31aa74dd44fbd5d7,male,1,30,Other
2245392b9b58e9577b7145de48e12ed8,male,1,42,Labour
f5647a2646fb7e7a56dd678bf6d9157d,female,2,21,Labour
1cc28e2117444bbf52964a4f2e1a6c2d,female,1,33,Labour
edd2d64f68e9d1ba09a78fd11205c8d4,male,2,27,Other
ad14023fc683224089439b69e5dbbfb7,female,1,58,Conservative
32e08012a1ef678542392537df1193f0,male,2,88,Conservative
3c19873d4f5a8b3a8e960e4126ef45b9,male,2,48,Conservative
9a084fe76854a06749bcbf95e0e1e501,male,1,58,Conservative
db68247d5adbdb67813d56e0f999c189,female,2,39,Conservative
d8b7bd7425ae468e9cf1be68e2e51521,male,2,39,Labour
5e0230483bb5552bbef5b38de242a6b6,female,2,76,Labour
d057377c5a8d61d0bb100ba762b358ef,female,2,88,Conservative
356c494a9f83fbfeb087c320b2a2d221,male,1,94,Conservative
99a3382c0ac73e137e5cef95d57eaaa6,male,3,51,Conservative
c811fb55064f42881027f887cc820a16,female,3,45,Other
9798dbd805125d3c58054e2feec030a6,male,1,54,Conservative
60411a745088521b89f9564f8665b06a,male,0,33,Labour
6428b1cfac70883f8c79c65471931702,female,0,33,Labour
60cdf6dbfecb7779a7ce5f63e87af842,male,3,45,Conservative
7d50a7d71d599798e6beb3621066e53f,female,1,48,Labour
eb2fee080b571c5adf679b34d43c65dd,female,3,30,Labour
3d51c794289245ca1d4176c6b715412e,male,0,79,Conservative
859d5072eb2f4a5676facbd90c2b7876,female,0,36,Conservative
045db378994c12c5f8bcafafd662b449,female,2,67,Conservative
e380ad40673290feaadd76c38d9c87cd,male,1,21,Conservative
fe49faf26c60bd85eca714b4dc2bc6c2,male,1,36,Labour
b890612f3cd88b0b603b2d3b8c556acf,male,2,51,Other
9c84fca8477b57be6e03bb46032a370c,female,1,76,Conservative
5bbcca3621fcb7c291f77476b2f2d45c,male,1,54,Conservative
2ec67fce11f1db2f66716898a5130aa3,female,0,61,Conservative
7d050a35f351bcc4e9dc9351e74544ad,female,2,21,Labour
0fc1ff5f183a2b0c08a0a0e5806cfd54,male,0,21,Conservative
b63dba5e791f16e1947d6520d82ccece,female,2,33,Labour
a370096139e7062e06b851f3185eb015,female,1,82,Labour
5e4bd569d486e49ce96cf6ed1990edc6,female,1,58,Conservative
a5d4744da898a7d35b636febfca1909f,male,1,21,Labour
271750f45e4c10556220c18751ea5c43,male,1,67,Conservative
bd90789447bc7bfdb71662b7b7947d01,female,0,58,Conservative
1b359943d0254a34bc815b6b9e9fb9f0,male,0,42,Conservative
81b630e3292556e34f3ad6beb27b8e5e,male,2,21,Labour
707a59aa009b6ac77447f0a0e99952c2,female,1,64,Labour
981cc1e7698e7da29d620ba15086145e,male,2,24,Other
67a5bbaa6e7a5742203253da280ab1c8,male,2,94,Labour
b1ad7c0b5eedc4e5359f77586a271bc1,male,1,79,Conservative
7b6b505b538a38418ae80f5798796fa2,female,0,30,Labour
a461b19c43084c621517768ce511f685,male,3,27,Labour
94d85d9ee2ca3ee9ecabe1f5cd3d58d1,female,1,36,Conservative
453e54121fcc5877b3738c4e20202907,female,1,79,Conservative
f3c7de2e39733a7043e6f688b29d794d,male,1,85,Conservative
1ff7afc267ad64fb0decf1d54866fbb6,female,3,67,Conservative
322b34c964b4f92ad50bffcb61968862,female,2,58,Other
c8acab40ecf668ac1b33b52c817d7d2a,male,1,51,Conservative
99829d91db29a9c526d7fe751a8dbc1f,male,3,48,Labour
e86e65e0876da5e1631cce192981b672,male,1,27,Conservative
81a5fbdb71bfa8f3c4774b6026d92ad5,male,0,42,Labour
12abc33e079ea117be8aba93b63e6c5a,male,2,39,Conservative
42a515ad94629ef60dc24fd46a878a4a,female,0,36,Conservative
a80f7fb553e669342798a4227585d2c5,male,0,76,Conservative
341dda29b075a24150eba0cc436ce4bc,female,2,48,Conservative
57853b894a65c04a4b9d83d965a8d372,male,3,51,Conservative
306725f8a0791d3793b80ea019b3145f,male,1,27,Labour
ee15d8046bbe453a10e3d0882a8daa87,male,1,61,Conservative
539d7537148a423e1ea14eff5b1d2099,female,1,39,Labour
bc692da8b402cf061583000d760fca57,female,3,82,Conservative
c057817c11b3fb9962936c953ac94439,female,2,42,Labour
c49deb927d687924d0cc3d5e8ce196b2,female,0,76,Conservative
7bdc4b58331e0fd4ca30ed43af1744e0,male,0,24,Conservative
0c1f5a0c9ce29a97ed1ddd633dd5c277,male,2,67,Conservative
4b256de8c1f7c1f4615f615deac42d02,male,0,61,Other
34eee4d195cd8f65498499eb163dd1b9,female,2,42,Conservative
27d4808bfe3ddfd28f8a14619d51aa8c,male,1,42,Conservative
d811a118a5a7f439f1fa9e396e163ee2,female,0,48,Other
76c0dccc096cde522ad5de5051415843,male,0,64,Conservative
8d380944e4a2ad4816d253b63e6db121,male,2,33,Labour
e69cb6dfd43d09499825b061218b9e58,male,0,39,Labour
4c672e1354379f3d40dc2d4fb3ddd974,male,1,36,Labour
fa44e3b50fdc69f27f58e21541a59a8b,female,3,24,Labour
12c02f8abd0cfaacd54d3d68f01dd1d0,female,0,21,Labour
f18180ed0295488997e3f5084bd68919,male,2,48,Labour
742eb25c1b7ad941b52181065db53144,female,2,36,Labour
d1078f40043564e85e9dfc7ac8c7f2bb,male,1,33,Other
2fc6caad53d3280db7b4d9fa19b88e2c,female,2,42,Conservative
783aca8b9f323fad4c24c921ae18748c,male,0,45,Labour
e02b83773ad6a1d110d42c0d23918d65,female,0,58,Labour
0cdfa48038481962a5cf57f42a955654,male,1,67,Conservative
cacd736c6578278f7ab799fcbcf2d85a,female,2,48,Labour
b065e72ed9a273a4b692804def04f1af,male,2,27,Labour
26178b195afc174e0f21ac1fdfa26201,female,1,85,Conservative
d1016d2d890c4a4b09295c7e31cb1c51,female,1,94,Labour
fe1bd3c7a802102ba5baf1e9c33571d2,male,0,42,Labour
032d4e838fd2f6734feea73f6fc0ec86,female,1,24,Labour
574f9f2dc3b6669940aa4fb6a79672d9,female,0,27,Labour
a1a93197691a64c8ac4121675f20d0b0,male,0,36,Conservative
b2d9fd320c40bd1e37fd55d6faff38df,male,2,61,Other
42a23c034f9f4b57911115c95b7de19a,female,1,48,Labour
5c2ae3f028670316232c688c8b29ff1c,male,0,42,Conservative
be5e6650f2817050d6e287e8839e3377,female,3,79,Conservative
c5ef20fc1921e447280db496e4d22dd1,male,0,91,Conservative
445ae02e25ab072bc4d486c3d5094304,female,0,54,Conservative
53ca44c22166ac34f1521b5a8c521647,female,0,24,Labour
6e26ccc54f88dce1b9405293ddb89c32,male,2,24,Labour
0f37803481c79f2664b9908df1711c73,male,1,24,Labour
315df5e0ebac6c86815d4106c6d6618e,male,0,21,Labour
398cbc483a3bbd1201ad74b0c1476f70,male,2,67,Conservative
8bd5e85b390ec474421d5bd0c1f13cb5,male,1,61,Conservative
ebf3dbbfe9e3cfca04bbba449a989d2a,male,2,36,Labour
acf8ecdadfaef9a55a8d9ba757109545,male,1,42,Labour
5953b84ca9eae936bbf484a80264ed77,female,0,39,Conservative
c38e4c90bb81e946fbf48dd4fe63dd4c,male,2,27,Labour
30f18549be609a0107e622f36fd7cd31,female,0,79,Conservative
e4b2f1c05639b6a4b1840e0035c6bc47,female,0,54,Labour
4abfc0a67759e9d766124bd30d18dca2,male,0,61,Other
1b671427e5c30596a26aed8b38ecd36e,female,1,79,Other
cac54a1cc9bc17ef00848f4013e836ad,male,2,42,Other
39bcc0abc2a222d890957fc91851fe03,male,1,33,Labour
780d65f5383c5f52969320df4b28ff21,female,0,61,Conservative
898b0e29450f357a553e8e6ae1ab2662,male,2,48,Conservative
eee88cd4c33e490254a3f31461b36643,female,1,21,Other
b8b0b8f2591419f4757f2fbdaa4bf68c,female,1,45,Labour
bc76d618718c494db53d1d445de6cf93,female,1,21,Labour
90a47d918b817adae6fda8eec816ce21,female,0,85,Conservative
aecbe2f2063e5af0d5274b2cc7edfe3e,male,0,27,Labour
9a29a56525bee28ad897e05c19f5b5e9,male,3,21,Other
e3172e148ed91e03726b4c45bc43f75e,female,1,61,Conservative
03cce71c95d5aa87a532a08f575f0be6,male,3,79,Other
92b305a9353be61bfa6b812bd0fa1b5a,male,1,27,Labour
b68994ca96267e224f4f954ac7402f70,female,0,54,Conservative
c1d43f657b302d353be8fbd6d5d3b031,male,0,30,Other
dd11926e09ae807efac1490c2947a8f8,female,1,70,Conservative
c3855496bb02db3d1d4ffc9874bf7683,male,2,27,Labour
bbba7c9b1954eea03cbaf7701004bba2,female,1,36,Labour
0528b42ec7b7f05fb22232a409ea8cf3,female,1,27,Labour
99cf99308f8fa249f6627bec70c35f87,female,3,64,Conservative
1dce2ddffc66f62fa025e67226002979,female,1,39,Conservative
6dd6e2d2bda2c98eb4ac678f4ec13aa0,female,2,67,Conservative
09b14234495d81f45db99aafbd3df23a,male,1,73,Conservative
b65945376f184b2d2f2410dd57cc99c8,female,0,54,Conservative
85a25cfd288ffea753368dc63ae4555f,male,3,39,Labour
ad058541b9fa8c462c6376725db728f3,male,2,58,Conservative
9d0ffd55e77dfb6e28fd5fb65e5b3ef8,male,1,24,Labour
119814bb23b2b64c3947932d3a22c61a,male,2,67,Labour
4f6fdcbfcf0f5db0eb493b55b8706ef8,male,1,42,Labour
3ef11c670f22c72a1ee9c06e79d2bddb,male,1,51,Conservative
e366cca717f2bbd061ac325b909621a6,female,2,76,Conservative
9ac6803e248edfff4800442ac9f474f0,female,2,39,Labour
ea086eaf6b539fca5702d6e1a1d3bc85,male,1,48,Conservative
3aadf4082349d7053ec7c3fc09053a70,male,1,27,Labour
788605f397111889150fb6987269d8ed,male,2,64,Conservative
47854fba70bdcfff600b9c17bfee1a60,male,0,42,Conservative
bd34f9c67f97931800e163f2baa34f67,female,1,64,Conservative
21678e8b1969d63c39c77c1718ec2a2e,male,1,64,Conservative
1ea1de807cef5f482dc8211514fde5c9,female,0,39,Conservative
af1c314dd7f12bb792e8eaa5b00bdd4f,female,0,27,Labour
d620d4684b1d80e268ebd90aca5277a2,male,2,27,Conservative
8dcdec06b20834bb6a3dbdb8befc3d95,female,0,24,Labour
ba9f17978fd18a779bbe3bc8cb9376f0,female,1,39,Other
ee9a56e51c371062cc61d579e8b55149,male,0,85,Conservative
fa233eafe1500a30aa7c0be11e2d5930,male,0,54,Conservative
387eb7013280b03a43641c6c7382655f,male,2,27,Labour
3c3cf70ed1f06b7209914129b620afc3,male,0,61,Labour
0f93637e507d57da91727553306be80a,male,1,24,Labour
4cc27997ae363026e9d6119d76b8e589,male,0,45,Labour
1753c40ed0e50a8bbf79fe36bb4e263e,female,1,88,Conservative
8387f5dafc69e97a507a0ddae09a3f32,female,1,42,Labour
760f86213cf6852263cf74c115defb63,male,1,48,Conservative
a5d6d9178cb6cff726eac19211dd758b,female,0,54,Labour
85cf405387a44377618b0facca2de918,male,0,30,Labour
d68910a5528afb305f4166a52ccc1df5,female,1,54,Conservative
eaba92aac7b2d4ece77446beb50a2799,female,0,42,Labour
64e817de143c773a3a97fa1d71790fe2,female,1,30,Labour
96b8d4616d14c131677b39acefb2ca2d,female,0,30,Labour
84093ca2dfdb199b3de8554f23fbc62d,female,1,39,Conservative
1d284ff74c2b75c42619e616864c9411,female,1,21,Labour
14498be786f9d4b349566cab0275cb44,male,1,27,Conservative
2d72f3d8a57c33880fdf8589e7ef009e,male,1,33,Labour
dc4823886e0939e144ec2ae57b92a159,female,2,91,Conservative
f6c90997343014dbb23392de294f849b,female,0,45,Labour
7b9cdcb88b690c5678c684e5c9370839,male,0,42,Conservative
c3d958a81ef6411787fd8480ec4f6e0f,female,0,51,Conservative
06421bbc4fa9b8ab03deb7e28668ca3f,male,0,64,Conservative
be3043af7b0f57bcd68a3e678083cdbd,female,2,27,Labour
ddd8190730f93f622dace91417204cfc,female,0,91,Conservative
47cb28c3ed37c1fba53cb818b5aa1426,female,1,64,Labour
40ef13e05680af5a0293795ce19d1fb1,female,0,54,Labour
7cd582d11487c242684d8cb1be72fe01,female,0,70,Conservative
f4b0d54b6abdef03407684206772e0b6,female,1,48,Labour
196ceae973e2ae666e2e8d73ff603bbf,male,0,24,Labour
082262957858451ab110b4a208f51a82,female,1,70,Conservative
7d2ba11a868518f046809738a4fcdac5,female,2,33,Labour
3c4060372383b2af835952c5f693a503,male,0,70,Conservative
9d41cfdff4a44c9bf30b63a8b347a075,male,2,61,Conservative
0a5b8a42b211f2ccf99c88569b2195ff,male,1,58,Conservative
38b45f5ddfdb8696903f11cbd5afa39b,female,1,64,Labour
ceb70eed947668241b05a8c70f790842,male,2,51,Conservative
5ca5e8e037b35408971345aa94a12351,female,2,33,Labour
af75035df673656a6b2fbb9d0eecc4b1,female,2,79,Conservative
2058991a4487d675a348c855fd2f46b4,female,2,45,Conservative
c1a341d00807a7f5cab01f4e4bcef746,male,1,30,Labour
5e6135b40e751b412aa2812e97d8e4bd,female,3,61,Conservative
3136ac57dcc054c2919948e1c6dc7703,male,0,42,Conservative
67e0edb167bd910503e26d2b41373176,male,1,24,Conservative
e1ac92f65fa31bc0cc56732aeaac5df5,female,2,30,Labour
501c5318f4f3c363e3a7feeef3c0e7b8,male,3,45,Labour
079418f911261924e9f47c9d65aec022,female,1,33,Labour
e6c2e1163bd0eaeb19f62197c833accc,female,1,24,Labour
d7135dbb8e97a93cac908adefa9bf25b,female,1,30,Other
7e19cd0c2a3503ae075001612abb8ca3,male,1,21,Labour
cccf75594ae3a54ba1d88e98482bc1f5,female,1,30,Labour
ba3415267924aa01ecae1dea6e0e4a89,female,1,39,Labour
599bbdf8d5aa67259b2a29d14ca5b106,male,0,33,Labour
d3e40b632670c09a7e496d8ce5b31303,female,2,21,Labour
466fb270a298b53239d0af33fa3edd92,male,2,64,Conservative
4c86b10ccbc25be4341ff2e831a004e9,male,1,45,Conservative
aca3cedb523c10a1507954403b37f32e,female,1,24,Labour
e65d16228fd6333ac1c49b0ac34ef0ab,female,0,64,Conservative
50afeee19b06c2df715070541890f338,male,1,51,Labour
a97721439afb5b1b744def46943809e6,male,1,61,Labour
5e527563306e70ccdd4b749b179e625a,male,2,45,Conservative
4bf5c839eba6071465c69f730babfca0,female,3,61,Conservative
2bdabf243e7accc929c00be212c292d7,female,1,39,Labour
b2adbf949efe0ed5ce8d0562e6517545,female,1,58,Other
1038bb96015ec7ca47eec7c4b3a56f33,male,1,51,Conservative
7626c32e7df5a2a76bed21e3a1f88670,female,3,30,Other
c03def1b0df835837cc998db351cac7d,male,1,82,Labour
0ed06ab9cdacdaac483105b87c689225,female,3,24,Labour
9adefc23656c131a999ec4022cd5c1a8,male,2,30,Other
3f803c5c7f146ec48057fb1922a3c224,female,1,30,Conservative
ed16be7f75b821ffb2b69a78be79cf33,male,0,39,Labour
039021d49de75f281975cf87789efa2e,female,3,97,Other
24d8203ba4ccd97027bf104db742065d,male,0,85,Conservative
04b0ca9ef7802971379dc38b27d5b83b,female,1,30,Labour
b24cf9a4ea9a41160ce7d8123b15b481,female,1,27,Labour
2c0b27a54f67c476c030ff26350abde7,male,1,18,Labour
c811820e57218a0b7b039b056fa4c6b3,female,1,30,Other
ac8cec61eeee32cf105469647ec6b96e,male,2,30,Other
90963bc268a1620dc7dc640661873005,male,3,36,Conservative
887e4ca51ae9e7b13438e1b5a1cb5e00,female,1,58,Labour
93930ef4db79bb4628c71daf8e89d45c,male,1,51,Conservative
95c2b639a9c667ea6629baaa9f2dafbf,female,1,33,Labour
db239ee6c7e9c2b118ad2ee0e4449031,male,3,67,Labour
05a78d1af031a7afb8d1d8be9d4c8cd2,female,2,70,Labour
1617aa8744be7f4e3b0fc12695febfff,male,0,76,Conservative
e883563c8e956b50dc3320a7eeb4eecc,female,2,42,Conservative
54d029a17a3fb47ed6f518dd1d95e5eb,female,0,24,Labour
e2422321a936aff59ac8b9c283ec584d,female,1,54,Conservative
9af239e0b83890a5a2c505ca1b2447bb,male,2,36,Conservative
e9aab7fb27801d797d1f43f8b9fa8f98,male,1,21,Labour
2aab1cef36c25bc980e98c3bb45185ab,male,0,45,Labour
33314922b0e51ae9b843c48797547356,male,0,30,Labour
82490e805f46314dd60fc9c2205c1870,male,2,88,Other
b0d5fef3306ff5a8dbb8979c195d4ea0,male,1,42,Conservative
103670079504c0442bbfe42c89aa96a7,female,0,70,Conservative
3f2691b388bf5f45a7f2da2c96531ee0,male,1,48,Conservative
f5d1778f07bd053d61f280ca18f73fb1,male,1,58,Conservative
372685eede95927366b71b9d6b896cf7,male,1,24,Labour
d849299de0936e82b0142b7062fb8a77,female,0,27,Labour
eba715d06866c40746cb0e24f2909bff,female,1,33,Labour
110f35b024afb449ce88cd805a89ecf4,female,1,67,Conservative
2415f3f53faa3b36d6eafc40fe09c35a,female,2,70,Conservative
960ae047db4a696af3e572424931af06,female,1,33,Labour
0792a4c4e06dfbc4c64f55da7478dfb1,male,3,48,Conservative
9da27e734604872b438abbfe8d344d66,male,1,58,Conservative
ef80aad90e2b8d34785d33898ee3628d,male,1,97,Conservative
032c2105b06edf091da221227c63cef8,male,0,94,Conservative
285a7ea41d032bc3e40e80854d99bfcc,male,2,39,Conservative
001d262f7517b297593f91adeacecafb,male,2,33,Labour
5bf7e448608226a7bdae1410dc811a6d,female,2,30,Labour
4727e4c236d5fd22aa5ea2f6a6d88510,female,1,61,Conservative
4ed08138cb2eff2222a0447dd7905c2d,female,2,24,Labour
2e4caadaf9c65bd885f0bc2e66d7d834,female,3,70,Other
850a0c0190310379e3ad48de8bd0efcd,male,3,76,Conservative
2da7bd76537a4c24f06c09a4601c156a,male,1,94,Conservative
021c583aefd0b2762fcabfc1541bb022,male,0,27,Conservative
aa786ce90ed9bd1c469e2fda56eeea43,male,0,58,Other
4d33b3fa1da4925d43eab31dee5eb0f1,male,2,21,Labour
bd2311f06256cffff89c03d037117262,female,3,54,Labour
7c31fd4d0e9d59d0c71137b2c5ba734e,female,2,21,Labour
33de8f70ae8a292a92e87ba197dc02c5,male,0,24,Conservative
ee5fb7e2a6b82b62be24b5f2686c4f71,male,2,30,Labour
22f62b02b96734185c1edc3f4284f65c,male,2,33,Labour
c012f74933a8429ff00ec35210dd3b27,male,1,39,Conservative
57322c122c58187c5fac32537e568e97,female,0,73,Labour
3477a6addff816512887fdfee648c4c5,female,1,36,Conservative
294b9636112dd36d9e9e87e143bfa63b,male,0,79,Conservative
d4429d3e6a9fe744c8f004c68cafa7d4,female,0,33,Labour
d6bc7c324d4803c5f777635763cbdd5c,female,0,48,Conservative
59b8cf75e1cb2e1b6a9ff3f9e2be7a3d,female,1,18,Labour
b17d42afd882aec3d9862588eafd9f5f,male,2,39,Conservative
07bf56bba8448a1595fcb3d218d47f19,male,1,24,Labour
a26f2c721ec90f9299bae777084f0009,female,2,18,Labour
93ebd49d99a18725c1c65aa1e6881c92,male,3,45,Conservative
5fd896033987e7865897aa4c431423dc,female,2,39,Labour
e3f9fa0917f9a0cb50ce3667ec5d7cbc,female,0,33,Labour
728c25333d13991ef0a1fb2cb103528a,female,0,88,Conservative
666a3894ed26979131cb8b013d2142f9,male,1,67,Conservative
0ffd1600c122084ca3e5faf8d9ce5e85,male,1,58,Other
97bcbfdf2515797341d92132f8b6662f,male,0,73,Conservative
4f0f0b470fc9062c7015b69e1fe137cc,male,0,58,Labour
03ebf43e2710286a6c3b04b1bf754b38,male,1,91,Conservative
aa233ff49e27c94b26e81c9a38b166c4,female,0,24,Labour
be0c98e469620d78f59a4156c4d8625d,male,0,33,Labour
22010edf565a4548a8865a8005e1d9b7,female,3,24,Labour
963aa34852733045b16caa93e52ffd1c,male,0,30,Other
978cfe18bc30910b4a9a2c94ed5a7f96,female,1,45,Labour
cd300271572beadb74657edb5d647182,male,1,64,Conservative
686e278d9cc6ae082b33c7be93cae6b8,female,1,33,Conservative
4e9a12e597a4d9e79e0653ffe9d892e3,female,0,58,Labour
ee2df3a993a2367182ec22f8b85b1ebf,female,1,64,Conservative
ea62a66e894cb52673e8e3e916a40b80,female,1,51,Conservative
fda1fc6a1bb971810b84bba02327add6,female,0,33,Labour
397299ad3d85be6c97876792ba82a1bc,male,1,39,Labour
3e25c141ba9bdfe3335d18c4b489245d,female,0,42,Conservative
cf8700ed989427c003017b2d6c13d3f1,female,1,24,Labour
14a37abd449f0bd6c26237502c92afbe,female,0,58,Conservative
1fef5f2ed2ff954466e0336bb7210000,male,1,33,Labour
21e5ecc68000910343627f02f30cd75d,female,1,58,Conservative
6b2e9fe937e461b7c7ed860d115cd166,male,1,42,Conservative
df865a5142aa9b22bc50289facb69ca4,male,1,54,Other
d84160a2c6ca25274dcdf92e7a33841f,male,2,27,Conservative
a718ea0267c2017717183e5f85b031cc,female,1,30,Labour
54a19086afced0ff81d423160551564d,female,1,24,Labour
440fe16a4b0dc73e132a969b0b4db2d7,female,1,58,Other
f9503baf301da661d7d9bb3d86995f86,female,2,39,Conservative
d284613f0cc2bbe244b154d2f0c86cc4,male,1,36,Labour
45a5493a2914f4094e00537e438b336f,male,0,61,Labour
574420e83bb84345b583e1f9090fe496,male,0,73,Conservative
976c6082a27d771db09040f3830847bb,female,0,24,Other
b3c9af8646fe5ea086fcdb3be2af4721,male,1,27,Conservative
6d04a502acf8dc78e613873464466e76,female,1,36,Labour
c9ac2cb643c745e54fabc5d2aab67c55,female,0,27,Other
b7c71c796d6a1ea3ff1b9d5a4745b28d,male,1,18,Labour
790f5b7afdcc59636bfcba957015f3a4,female,2,45,Labour
895c4ff942c8b58e799d64f20696bc57,male,2,33,Labour
512190ee2f3ca8a6b6b1895f89dff061,female,2,67,Other
a74713a14a2761aa1dcaa93086a8d1ee,male,3,30,Other
1c628a602e1c1648badeb99f36884695,male,1,21,Labour
159e72512336100136bfaf4e91dd0f41,female,0,36,Conservative
fbffb70395b78174f6c45bf551cae119,male,3,36,Labour
6543fa05ad7b919f28b7013df4377c3a,male,2,73,Other
3bcc0bd10c7227717359e98d43a289f7,female,2,21,Conservative
19fa59b252edfa6eeeec1b2536eef596,female,0,39,Labour
1d59464a1bd747e11d878352d4691ede,male,1,45,Labour
0c498d2f4814c1bd89d8f941f2b1fd95,female,0,48,Conservative
517f42f074e5e54d7926a893dc5176c2,female,1,30,Labour
2a40d9275a2000180baad1580e35a4ee,male,2,45,Labour
4b60c892880e83eeafd585a7320d0c00,female,1,64,Conservative
7985694853c5e1f4fd096ba6c8d5dd6b,male,0,67,Conservative
fbeb04e0efcd9e8584152418ff982ea7,male,1,48,Conservative
366f32732caad8eaba81591cf742e3a8,male,3,39,Labour
4a4b8bf06feb594a3d5df4a67e2afc70,female,1,64,Other
1246577e207c376884d3151b1285b370,male,2,73,Conservative
5db58ce51310a1b31a01fda8c24624d2,female,1,61,Conservative
c0d1b7febddc05f9ed60b75f79762a4a,female,0,88,Other
b0c634d1dc4a6f94b0ab943caf5297bf,female,2,79,Labour
e80fe347ac81afe81f003540c01b2c97,male,1,18,Labour
bb3c90fc945116bb1f77e01e2a927ed6,female,0,48,Labour
84b6023b6b61223bb195e9f2009a2153,male,3,33,Labour
07b38660b9464cfacecd0dd7a17ed112,female,1,24,Labour
82ecbd43509454bf541f51c97323c50a,female,0,88,Conservative
8f029ad4e3ead9780e1b3ee873950667,female,3,85,Conservative
7c75996f5ce6c11974bae6a47e759f0c,female,1,76,Conservative
8fd38a14d71218edec2a7c32c49c3557,female,0,51,Labour
352c5221b3817f64fffbe397bfcfa2e4,male,2,42,Conservative
c498fe332c362dfb5b5824bb0c498dcd,male,1,64,Conservative
54b816dc9eba619c661ac75ee4dfb5e8,female,3,79,Other
88fc327bd9bd064e29fa0d0ddc8431bd,male,2,27,Other
e2c7d00df75105c56ac6df9c0c04893f,female,2,39,Labour
d34dd185d8c524ff11af2d161546bd07,female,3,24,Labour
6e0aae25e09ffdf9b46b9578070876ed,female,2,79,Conservative
9846b792dbdcba8f2e0feb17a4f0414c,male,0,76,Conservative
532aaaadfc5c7b679e18ef3397be89b7,male,1,58,Other
3d26572bf15c47124634e08d8628d06d,female,2,42,Conservative
b6a1105742d238ebbf5e22c86d8cdeab,male,3,51,Labour
36ef3cecdc5bb99d62003300c39488ba,female,2,64,Conservative
2a24c8827470add64106767818d7f287,male,1,70,Conservative
76247697d0a7a78bc34c7f8e5238b111,male,1,21,Labour
d70b312b1704892328227a598653d197,female,2,39,Conservative
eb9c63d929e61fbad7c0a7f094f7ba69,female,3,36,Conservative
7a2bbe498db8d871c7f834cd5b9f6581,female,2,36,Labour
835d0ea826e6a00fe236babcaaeea167,female,1,27,Labour
b5d0157ffd25f35173535ca981410a62,female,3,24,Labour
f11209054a654f5ca80987ff69a68b43,male,2,76,Conservative
e282eb18027ba3054e619914b9b42107,male,1,70,Labour
e9cb8e554d1ad2a00a298721a8c78cd4,female,1,82,Labour
a8a9c466763d39d61d6a3a4463637134,male,3,64,Conservative
f25e23ab7d37f0cd9e7c66878c98434c,male,1,45,Labour
7ad38cb082cf15a8bd17dc66a1310a8e,female,3,70,Conservative
05a2b55ca1b1ef4082d3e2413d4cddbe,female,0,91,Labour
4a47bf31574e05385f152b43dc790220,female,1,30,Other
1f7a0b7a976d673654de546a00aee636,female,3,24,Labour
aba6bdb2ac0b319fe11145dfd727cc6c,male,0,79,Other
224946b4d95d1eb555389a448f1c05be,female,2,48,Conservative
98b36717ac17f595313b61b5d93a80f8,female,0,67,Conservative
ded7bbb68763bcd760218b876074cda1,female,2,30,Labour
81f7b86c550619709b28d8220c603425,female,3,45,Conservative
681bc2947b421bdf6b94552c76280e9a,female,1,33,Conservative
b42ff0c218f9d844ec2152736d7dc234,male,0,21,Labour
784375bfc32b33661ca7eab5159f2c7f,male,2,27,Other
633518b32b982b1c946c572779a8681a,female,1,21,Labour
0448c2b7281fff81b3a25f2ca3b95d2a,male,2,33,Other
7ba96a678c547062b95ca479435f4098,male,1,30,Labour
ae6995a84153d44787afedb6ce9057e1,male,0,85,Conservative
1dc546aaeb95bf3cf2a31d470b032548,female,0,85,Conservative
fffd5628def5da5f9509a359ff95b5e7,female,1,67,Labour
0c84867324d0749512078e17fd4d4de7,male,0,27,Labour
5eb9510035a8f36fcaffb521ea7ff6b6,female,2,48,Conservative
a5e732448f3c6cfd5cd64413113643df,male,0,36,Labour
e125ba7cf668cfc16b2f66a131a596fb,male,0,27,Labour
8f99bbd226a0bb1ff9c173d26b897b88,male,0,27,Labour
9448158c8c0762e6015e1f0e8ce92bca,male,0,21,Labour
44ca2b100d1e38fc0ed48309cae3177f,male,1,91,Conservative
2e38b06cb298d33cb6160c15ce7bfee3,male,3,42,Labour
6b2b46ca0f3beb24907ae93b5357c522,female,0,27,Labour
c5e31eb155cd5b12d2ee4fda71eb1d08,female,1,33,Labour
e316539079d493fcf659cb1966de0b30,male,0,76,Conservative
2701be0e723da69719693f6ab0e193f6,female,0,42,Conservative
